site_id,site_name,measurement_date,discharge_cfs,gage_height_ft
11276500,Tuolumne River at Hetch Hetchy,2026-09-02,85.7,3.24
11276500,Tuolumne River at Hetch Hetchy,2026-09-03,85.7,3.24
11276500,Tuolumne River at Hetch Hetchy,2026-09-04,85.7,3.24
11276500,Tuolumne River at Hetch Hetchy,2026-09-05,85.7,3.24
11276500,Tuolumne River at Hetch Hetchy,2026-09-06,84.6,3.23
11276500,Tuolumne River at Hetch Hetchy,2026-09-07,84.6,3.23
11276500,Tuolumne River at Hetch Hetchy,2026-09-08,83.5,3.22
11276500,Tuolumne River at Hetch Hetchy,2026-09-09,83.5,3.22
11276500,Tuolumne River at Hetch Hetchy,2026-09-10,83.5,3.22
11276500,Tuolumne River at Hetch Hetchy,2026-09-11,83.5,3.22
11276500,Tuolumne River at Hetch Hetchy,2026-09-12,83.5,3.22
11276500,Tuolumne River at Hetch Hetchy,2026-09-13,84.6,3.23
11276500,Tuolumne River at Hetch Hetchy,2026-09-14,84.6,3.23
11276500,Tuolumne River at Hetch Hetchy,2026-09-15,69.2,3.08
11276500,Tuolumne River at Hetch Hetchy,2026-09-16,68.2,3.07
11276500,Tuolumne River at Hetch Hetchy,2026-09-17,68.2,3.07
11276500,Tuolumne River at Hetch Hetchy,2026-09-18,69.2,3.08
11276500,Tuolumne River at Hetch Hetchy,2026-09-19,69.2,3.08
11276500,Tuolumne River at Hetch Hetchy,2026-09-20,69.2,3.08
11276500,Tuolumne River at Hetch Hetchy,2026-09-21,69.2,3.08
11276500,Tuolumne River at Hetch Hetchy,2026-09-22,69.2,3.08
11276500,Tuolumne River at Hetch Hetchy,2026-09-23,69.2,3.08
11276500,Tuolumne River at Hetch Hetchy,2026-09-24,69.2,3.08
11276500,Tuolumne River at Hetch Hetchy,2026-09-25,69.2,3.08
11276500,Tuolumne River at Hetch Hetchy,2026-09-26,70.2,3.09
11276500,Tuolumne River at Hetch Hetchy,2026-09-27,70.2,3.09
11276500,Tuolumne River at Hetch Hetchy,2026-09-28,81.4,3.2
11276500,Tuolumne River at Hetch Hetchy,2026-09-29,69.2,3.08
11276500,Tuolumne River at Hetch Hetchy,2026-09-30,69.2,3.08
11276500,Tuolumne River at Hetch Hetchy,2026-10-01,61.5,3.0
11276500,Tuolumne River at Hetch Hetchy,2026-10-02,61.5,3.0
11274790,Tuolumne River Grand Canyon,2026-09-02,25.8,7.16
11274790,Tuolumne River Grand Canyon,2026-09-03,22.4,7.09
11274790,Tuolumne River Grand Canyon,2026-09-04,20.6,7.05
11274790,Tuolumne River Grand Canyon,2026-09-05,19.3,7.02
11274790,Tuolumne River Grand Canyon,2026-09-06,17.6,6.98
11274790,Tuolumne River Grand Canyon,2026-09-07,16.1,6.94
11274790,Tuolumne River Grand Canyon,2026-09-08,15.0,6.91
11274790,Tuolumne River Grand Canyon,2026-09-09,13.9,6.88
11274790,Tuolumne River Grand Canyon,2026-09-10,12.9,6.85
11274790,Tuolumne River Grand Canyon,2026-09-11,12.2,6.83
11274790,Tuolumne River Grand Canyon,2026-09-12,11.6,6.81
11274790,Tuolumne River Grand Canyon,2026-09-13,12.2,6.83
11274790,Tuolumne River Grand Canyon,2026-09-14,12.2,6.83
11274790,Tuolumne River Grand Canyon,2026-09-15,11.3,6.8
11274790,Tuolumne River Grand Canyon,2026-09-16,10.7,6.78
11274790,Tuolumne River Grand Canyon,2026-09-17,10.7,6.78
11274790,Tuolumne River Grand Canyon,2026-09-18,10.4,6.77
11274790,Tuolumne River Grand Canyon,2026-09-19,9.86,6.75
11274790,Tuolumne River Grand Canyon,2026-09-20,9.58,6.74
11274790,Tuolumne River Grand Canyon,2026-09-21,9.58,6.74
11274790,Tuolumne River Grand Canyon,2026-09-22,9.58,6.74
11274790,Tuolumne River Grand Canyon,2026-09-23,10.1,6.76
11274790,Tuolumne River Grand Canyon,2026-09-24,10.1,6.76
11274790,Tuolumne River Grand Canyon,2026-09-25,9.31,6.73
11274790,Tuolumne River Grand Canyon,2026-09-26,9.04,6.72
11274790,Tuolumne River Grand Canyon,2026-09-27,8.78,6.71
11274790,Tuolumne River Grand Canyon,2026-09-28,8.52,6.7
11274790,Tuolumne River Grand Canyon,2026-09-29,8.27,6.69
11274790,Tuolumne River Grand Canyon,2026-09-30,8.27,6.69
11274790,Tuolumne River Grand Canyon,2026-10-01,8.03,6.68
11274790,Tuolumne River Grand Canyon,2026-10-02,8.03,6.68
11289650,Tuolumne River at LaGrange Dam,2026-09-02,171.0,5.93
11289650,Tuolumne River at LaGrange Dam,2026-09-03,171.0,5.93
11289650,Tuolumne River at LaGrange Dam,2026-09-04,171.0,5.93
11289650,Tuolumne River at LaGrange Dam,2026-09-05,171.0,5.93
11289650,Tuolumne River at LaGrange Dam,2026-09-06,171.0,5.93
11289650,Tuolumne River at LaGrange Dam,2026-09-07,171.0,5.94
11289650,Tuolumne River at LaGrange Dam,2026-09-08,171.0,5.93
11289650,Tuolumne River at LaGrange Dam,2026-09-09,171.0,5.94
11289650,Tuolumne River at LaGrange Dam,2026-09-10,171.0,5.94
11289650,Tuolumne River at LaGrange Dam,2026-09-11,171.0,5.94
11289650,Tuolumne River at LaGrange Dam,2026-09-12,171.0,5.94
11289650,Tuolumne River at LaGrange Dam,2026-09-13,171.0,5.93
11289650,Tuolumne River at LaGrange Dam,2026-09-14,171.0,5.92
11289650,Tuolumne River at LaGrange Dam,2026-09-15,171.0,5.93
11289650,Tuolumne River at LaGrange Dam,2026-09-16,171.0,5.93
11289650,Tuolumne River at LaGrange Dam,2026-09-17,171.0,5.93
11289650,Tuolumne River at LaGrange Dam,2026-09-18,171.0,5.93
11289650,Tuolumne River at LaGrange Dam,2026-09-19,171.0,5.92
11289650,Tuolumne River at LaGrange Dam,2026-09-20,171.0,5.93
11289650,Tuolumne River at LaGrange Dam,2026-09-21,171.0,5.93
11289650,Tuolumne River at LaGrange Dam,2026-09-22,171.0,5.9
11289650,Tuolumne River at LaGrange Dam,2026-09-23,171.0,5.92
11289650,Tuolumne River at LaGrange Dam,2026-09-24,171.0,5.92
11289650,Tuolumne River at LaGrange Dam,2026-09-25,171.0,5.92
11289650,Tuolumne River at LaGrange Dam,2026-09-26,171.0,5.93
11289650,Tuolumne River at LaGrange Dam,2026-09-27,171.0,5.92
11289650,Tuolumne River at LaGrange Dam,2026-09-28,171.0,5.93
11289650,Tuolumne River at LaGrange Dam,2026-09-29,171.0,5.95
11289650,Tuolumne River at LaGrange Dam,2026-09-30,172.0,6.02
11289650,Tuolumne River at LaGrange Dam,2026-10-01,210.0,6.76
11289650,Tuolumne River at LaGrange Dam,2026-10-02,210.0,6.76
11290000,Tuolumne River at Modesto,2026-09-02,156.0,36.62
11290000,Tuolumne River at Modesto,2026-09-03,153.0,36.61
11290000,Tuolumne River at Modesto,2026-09-04,142.0,36.56
11290000,Tuolumne River at Modesto,2026-09-05,175.0,36.72
11290000,Tuolumne River at Modesto,2026-09-06,185.0,36.77
11290000,Tuolumne River at Modesto,2026-09-07,163.0,36.67
11290000,Tuolumne River at Modesto,2026-09-08,162.0,36.67
11290000,Tuolumne River at Modesto,2026-09-09,156.0,36.64
11290000,Tuolumne River at Modesto,2026-09-10,159.0,36.66
11290000,Tuolumne River at Modesto,2026-09-11,142.0,36.58
11290000,Tuolumne River at Modesto,2026-09-12,212.0,36.91
11290000,Tuolumne River at Modesto,2026-09-13,191.0,36.82
11290000,Tuolumne River at Modesto,2026-09-14,184.0,36.79
11290000,Tuolumne River at Modesto,2026-09-15,179.0,36.77
11290000,Tuolumne River at Modesto,2026-09-16,170.0,36.73
11290000,Tuolumne River at Modesto,2026-09-17,159.0,36.68
11290000,Tuolumne River at Modesto,2026-09-18,178.0,36.77
11290000,Tuolumne River at Modesto,2026-09-19,196.0,36.86
11290000,Tuolumne River at Modesto,2026-09-20,185.0,36.81
11290000,Tuolumne River at Modesto,2026-09-21,167.0,36.73
11290000,Tuolumne River at Modesto,2026-09-22,173.0,36.76
11290000,Tuolumne River at Modesto,2026-09-23,179.0,36.79
11290000,Tuolumne River at Modesto,2026-09-24,164.0,36.72
11290000,Tuolumne River at Modesto,2026-09-25,141.0,36.61
11290000,Tuolumne River at Modesto,2026-09-26,150.0,36.66
11290000,Tuolumne River at Modesto,2026-09-27,156.0,36.69
11290000,Tuolumne River at Modesto,2026-09-28,170.0,36.76
11290000,Tuolumne River at Modesto,2026-09-29,178.0,36.8
11290000,Tuolumne River at Modesto,2026-09-30,179.0,36.81
11290000,Tuolumne River at Modesto,2026-10-01,175.0,36.79
11290000,Tuolumne River at Modesto,2026-10-02,215.0,36.97
11266500,Merced River at Pohono Bridge,2026-09-02,33.9,1.32
11266500,Merced River at Pohono Bridge,2026-09-03,31.2,1.28
11266500,Merced River at Pohono Bridge,2026-09-04,29.2,1.25
11266500,Merced River at Pohono Bridge,2026-09-05,27.3,1.22
11266500,Merced River at Pohono Bridge,2026-09-06,26.1,1.2
11266500,Merced River at Pohono Bridge,2026-09-07,23.9,1.16
11266500,Merced River at Pohono Bridge,2026-09-08,23.3,1.15
11266500,Merced River at Pohono Bridge,2026-09-09,22.2,1.13
11266500,Merced River at Pohono Bridge,2026-09-10,21.7,1.12
11266500,Merced River at Pohono Bridge,2026-09-11,20.7,1.1
11266500,Merced River at Pohono Bridge,2026-09-12,20.2,1.09
11266500,Merced River at Pohono Bridge,2026-09-13,19.7,1.08
11266500,Merced River at Pohono Bridge,2026-09-14,19.2,1.07
11266500,Merced River at Pohono Bridge,2026-09-15,18.8,1.06
11266500,Merced River at Pohono Bridge,2026-09-16,18.3,1.05
11266500,Merced River at Pohono Bridge,2026-09-17,18.3,1.05
11266500,Merced River at Pohono Bridge,2026-09-18,18.3,1.05
11266500,Merced River at Pohono Bridge,2026-09-19,17.8,1.04
11266500,Merced River at Pohono Bridge,2026-09-20,17.8,1.04
11266500,Merced River at Pohono Bridge,2026-09-21,17.4,1.03
11266500,Merced River at Pohono Bridge,2026-09-22,17.0,1.02
11266500,Merced River at Pohono Bridge,2026-09-23,16.5,1.01
11266500,Merced River at Pohono Bridge,2026-09-24,16.5,1.01
11266500,Merced River at Pohono Bridge,2026-09-25,16.5,1.01
11266500,Merced River at Pohono Bridge,2026-09-26,16.5,1.01
11266500,Merced River at Pohono Bridge,2026-09-27,16.1,1.0
11266500,Merced River at Pohono Bridge,2026-09-28,16.1,1.0
11266500,Merced River at Pohono Bridge,2026-09-29,16.1,1.0
11266500,Merced River at Pohono Bridge,2026-09-30,15.7,0.99
11266500,Merced River at Pohono Bridge,2026-10-01,15.3,0.98
11266500,Merced River at Pohono Bridge,2026-10-02,14.9,0.97
11264500,Merced River at Happy Isles,2026-09-02,23.1,1.17
11264500,Merced River at Happy Isles,2026-09-03,20.1,1.11
11264500,Merced River at Happy Isles,2026-09-04,17.7,1.06
11264500,Merced River at Happy Isles,2026-09-05,16.0,1.02
11264500,Merced River at Happy Isles,2026-09-06,13.7,0.96
11264500,Merced River at Happy Isles,2026-09-07,12.2,0.92
11264500,Merced River at Happy Isles,2026-09-08,11.2,0.89
11264500,Merced River at Happy Isles,2026-09-09,10.2,0.86
11264500,Merced River at Happy Isles,2026-09-10,9.34,0.83
11264500,Merced River at Happy Isles,2026-09-11,8.76,0.81
11264500,Merced River at Happy Isles,2026-09-12,8.21,0.79
11264500,Merced River at Happy Isles,2026-09-13,7.68,0.77
11264500,Merced River at Happy Isles,2026-09-14,7.43,0.76
11264500,Merced River at Happy Isles,2026-09-15,7.18,0.75
11264500,Merced River at Happy Isles,2026-09-16,6.69,0.73
11264500,Merced River at Happy Isles,2026-09-17,6.69,0.73
11264500,Merced River at Happy Isles,2026-09-18,6.46,0.72
11264500,Merced River at Happy Isles,2026-09-19,6.01,0.7
11264500,Merced River at Happy Isles,2026-09-20,5.79,0.69
11264500,Merced River at Happy Isles,2026-09-21,5.58,0.68
11264500,Merced River at Happy Isles,2026-09-22,5.79,0.69
11264500,Merced River at Happy Isles,2026-09-23,5.79,
11264500,Merced River at Happy Isles,2026-09-24,5.79,
11264500,Merced River at Happy Isles,2026-09-25,5.58,0.68
11264500,Merced River at Happy Isles,2026-09-26,5.37,0.67
11264500,Merced River at Happy Isles,2026-09-27,5.37,0.67
11264500,Merced River at Happy Isles,2026-09-28,5.17,0.66
11264500,Merced River at Happy Isles,2026-09-29,4.97,0.65
11264500,Merced River at Happy Isles,2026-09-30,4.77,0.64
11264500,Merced River at Happy Isles,2026-10-01,4.59,0.63
11264500,Merced River at Happy Isles,2026-10-02,4.4,0.62
11303000,Stanislaus River at Ripon,2026-09-02,168.0,37.87
11303000,Stanislaus River at Ripon,2026-09-03,181.0,37.99
11303000,Stanislaus River at Ripon,2026-09-04,157.0,37.77
11303000,Stanislaus River at Ripon,2026-09-05,174.0,37.93
11303000,Stanislaus River at Ripon,2026-09-06,166.0,37.85
11303000,Stanislaus River at Ripon,2026-09-07,164.0,37.83
11303000,Stanislaus River at Ripon,2026-09-08,161.0,37.81
11303000,Stanislaus River at Ripon,2026-09-09,172.0,37.91
11303000,Stanislaus River at Ripon,2026-09-10,167.0,37.86
11303000,Stanislaus River at Ripon,2026-09-11,164.0,37.83
11303000,Stanislaus River at Ripon,2026-09-12,176.0,37.94
11303000,Stanislaus River at Ripon,2026-09-13,165.0,37.84
11303000,Stanislaus River at Ripon,2026-09-14,181.0,37.99
11303000,Stanislaus River at Ripon,2026-09-15,169.0,37.88
11303000,Stanislaus River at Ripon,2026-09-16,168.0,37.87
11303000,Stanislaus River at Ripon,2026-09-17,165.0,37.84
11303000,Stanislaus River at Ripon,2026-09-18,155.0,37.75
11303000,Stanislaus River at Ripon,2026-09-19,163.0,37.82
11303000,Stanislaus River at Ripon,2026-09-20,166.0,37.85
11303000,Stanislaus River at Ripon,2026-09-21,161.0,37.81
11303000,Stanislaus River at Ripon,2026-09-22,160.0,37.8
11303000,Stanislaus River at Ripon,2026-09-23,164.0,37.83
11303000,Stanislaus River at Ripon,2026-09-24,166.0,37.85
11303000,Stanislaus River at Ripon,2026-09-25,173.0,37.92
11303000,Stanislaus River at Ripon,2026-09-26,186.0,38.03
11303000,Stanislaus River at Ripon,2026-09-27,174.0,37.93
11303000,Stanislaus River at Ripon,2026-09-28,181.0,37.99
11303000,Stanislaus River at Ripon,2026-09-29,386.0,39.36
11303000,Stanislaus River at Ripon,2026-09-30,421.0,39.54
11303000,Stanislaus River at Ripon,2026-10-01,437.0,39.62
11303000,Stanislaus River at Ripon,2026-10-02,441.0,39.64
11284400,Big Creek near Hetch Hetchy,2026-09-02,0.0,1.0
11284400,Big Creek near Hetch Hetchy,2026-09-03,0.0,1.0
11284400,Big Creek near Hetch Hetchy,2026-09-04,0.0,1.0
11284400,Big Creek near Hetch Hetchy,2026-09-05,0.0,1.0
11284400,Big Creek near Hetch Hetchy,2026-09-06,0.0,1.0
11284400,Big Creek near Hetch Hetchy,2026-09-07,0.0,1.0
11284400,Big Creek near Hetch Hetchy,2026-09-08,0.0,1.0
11284400,Big Creek near Hetch Hetchy,2026-09-09,0.0,1.0
11284400,Big Creek near Hetch Hetchy,2026-09-10,0.0,1.0
11284400,Big Creek near Hetch Hetchy,2026-09-11,0.0,1.0
11284400,Big Creek near Hetch Hetchy,2026-09-12,0.0,1.0
11284400,Big Creek near Hetch Hetchy,2026-09-13,0.0,1.0
11284400,Big Creek near Hetch Hetchy,2026-09-14,0.0,1.0
11284400,Big Creek near Hetch Hetchy,2026-09-15,0.0,1.0
11284400,Big Creek near Hetch Hetchy,2026-09-16,0.0,1.0
11284400,Big Creek near Hetch Hetchy,2026-09-17,0.0,1.0
11284400,Big Creek near Hetch Hetchy,2026-09-18,0.0,1.0
11284400,Big Creek near Hetch Hetchy,2026-09-19,0.0,1.0
11284400,Big Creek near Hetch Hetchy,2026-09-20,0.0,1.0
11284400,Big Creek near Hetch Hetchy,2026-09-21,0.0,1.0
11284400,Big Creek near Hetch Hetchy,2026-09-22,0.0,1.0
11284400,Big Creek near Hetch Hetchy,2026-09-23,0.0,1.0
11284400,Big Creek near Hetch Hetchy,2026-09-24,0.0,1.0
11284400,Big Creek near Hetch Hetchy,2026-09-25,0.0,1.0
11284400,Big Creek near Hetch Hetchy,2026-09-26,0.0,1.0
11284400,Big Creek near Hetch Hetchy,2026-09-27,0.0,1.0
11284400,Big Creek near Hetch Hetchy,2026-09-28,0.0,1.0
11284400,Big Creek near Hetch Hetchy,2026-09-29,0.0,1.0
11284400,Big Creek near Hetch Hetchy,2026-09-30,0.0,1.0
11284400,Big Creek near Hetch Hetchy,2026-10-01,0.0,1.0
11284400,Big Creek near Hetch Hetchy,2026-10-02,0.0,1.0
